post_title,post_link,novel_title,novel_link
第一卷,https://www.wenku8.net/modules/article/reviewshow.php?rid=295996,黎明破晓的街道,https://www.wenku8.net/book/3903.htm
第一卷,https://www.wenku8.net/modules/article/reviewshow.php?rid=295995,神乐坂的缘分星期四,https://www.wenku8.net/book/3902.htm
第一卷,https://www.wenku8.net/modules/article/reviewshow.php?rid=295994,蒲公英少女,https://www.wenku8.net/book/3901.htm
第八卷,https://www.wenku8.net/modules/article/reviewshow.php?rid=295993,西野～校内地位最底层的异能世界最强少年～,https://www.wenku8.net/book/2582.htm
第二卷,https://www.wenku8.net/modules/article/reviewshow.php?rid=295902,全金属狂潮！Family,https://www.wenku8.net/book/3628.htm
第五卷,https://www.wenku8.net/modules/article/reviewshow.php?rid=295864,靠死亡游戏混饭吃。(以死亡游戏为生。),https://www.wenku8.net/book/3453.htm
第七卷,https://www.wenku8.net/modules/article/reviewshow.php?rid=295863,西野～校内地位最底层的异能世界最强少年～,https://www.wenku8.net/book/2582.htm
第十二卷,https://www.wenku8.net/modules/article/reviewshow.php?rid=295862,靠废柴技能【状态异常】成为最强的我将蹂躏一切,https://www.wenku8.net/book/2552.htm
第九卷,https://www.wenku8.net/modules/article/reviewshow.php?rid=295833,佐佐木与文鸟小哔,https://www.wenku8.net/book/3138.htm
后日谈,https://www.wenku8.net/modules/article/reviewshow.php?rid=295832,Unnamed Memory 无名记忆,https://www.wenku8.net/book/2906.htm
第二卷,https://www.wenku8.net/modules/article/reviewshow.php?rid=295831,血翼王亡命谭,https://www.wenku8.net/book/2293.htm
15周年SS,https://www.wenku8.net/modules/article/reviewshow.php?rid=295766,某科学的超电磁炮,https://www.wenku8.net/book/691.htm
第二卷,https://www.wenku8.net/modules/article/reviewshow.php?rid=295765,浅吟低唱，三十一字道尽恋慕少女所期的爱,https://www.wenku8.net/book/3769.htm
第一卷,https://www.wenku8.net/modules/article/reviewshow.php?rid=295689,为遍体鳞伤的精灵调制幸福配方的卖药郎,https://www.wenku8.net/book/3900.htm
第一卷,https://www.wenku8.net/modules/article/reviewshow.php?rid=295688,【我推的孩子】～最闪亮的角宿一～,https://www.wenku8.net/book/3899.htm
第九卷,https://www.wenku8.net/modules/article/reviewshow.php?rid=295687,男女之间存在纯友情吗？（不，不存在！）,https://www.wenku8.net/book/3103.htm
第一卷,https://www.wenku8.net/modules/article/reviewshow.php?rid=295686,余命一年的你和余命两年的我,https://www.wenku8.net/book/3898.htm
第一卷,https://www.wenku8.net/modules/article/reviewshow.php?rid=295685,凡人探索者的愉快现代地下城生活,https://www.wenku8.net/book/3897.htm
第一卷,https://www.wenku8.net/modules/article/reviewshow.php?rid=295684,从美国回来的青梅竹马烦人又可爱，今天也来逼我跳舞,https://www.wenku8.net/book/3896.htm
第四卷,https://www.wenku8.net/modules/article/reviewshow.php?rid=295683,魔界归来的劣等能力者,https://www.wenku8.net/book/3026.htm
第八卷,https://www.wenku8.net/modules/article/reviewshow.php?rid=295682,猪肝记得煮熟再吃(好歹把猪肝热一下啊！),https://www.wenku8.net/book/2817.htm
第二卷,https://www.wenku8.net/modules/article/reviewshow.php?rid=295681,瞬间治愈却被当成废物踢出队伍的天才治疗师，改当无照治疗师快乐过活,https://www.wenku8.net/book/3844.htm
第八卷,https://www.wenku8.net/modules/article/reviewshow.php?rid=295680,冷淡的佐藤同学只对我撒娇,https://www.wenku8.net/book/2897.htm
第五卷,https://www.wenku8.net/modules/article/reviewshow.php?rid=295679,明日，裸足前来。,https://www.wenku8.net/book/3524.htm
第三卷,https://www.wenku8.net/modules/article/reviewshow.php?rid=295677,邻座的不良少女清水同学染黑了头发,https://www.wenku8.net/book/3605.htm
第四卷,https://www.wenku8.net/modules/article/reviewshow.php?rid=295676,叹气的亡灵想隐退～最弱猎人的强队伍育成术～,https://www.wenku8.net/book/3256.htm
第四卷,https://www.wenku8.net/modules/article/reviewshow.php?rid=295675,黄金经验值,https://www.wenku8.net/book/3573.htm
第七卷,https://www.wenku8.net/modules/article/reviewshow.php?rid=295674,其实是继妹。～总觉得刚来的继弟很黏我～(其实是义妹。~最近出现的义理的弟弟太过亲密了~),https://www.wenku8.net/book/3160.htm
第三十三卷,https://www.wenku8.net/modules/article/reviewshow.php?rid=295673,小书痴的下克上～为了成为图书管理员不择手段～,https://www.wenku8.net/book/2428.htm
第一卷,https://www.wenku8.net/modules/article/reviewshow.php?rid=295586,Re：CREATORS NAKED,https://www.wenku8.net/book/3895.htm
第二卷,https://www.wenku8.net/modules/article/reviewshow.php?rid=295524,班上最可爱的辣妹成了我的投食对象这件事,https://www.wenku8.net/book/3767.htm
第一卷,https://www.wenku8.net/modules/article/reviewshow.php?rid=295471,两个人是光之美少女,https://www.wenku8.net/book/3894.htm
第一卷,https://www.wenku8.net/modules/article/reviewshow.php?rid=295350,如果她不是侦探,https://www.wenku8.net/book/3893.htm
第二卷,https://www.wenku8.net/modules/article/reviewshow.php?rid=295324,魔法少女德比,https://www.wenku8.net/book/3099.htm
第二卷,https://www.wenku8.net/modules/article/reviewshow.php?rid=295323,谁杀了勇者(是谁杀死了勇者),https://www.wenku8.net/book/3635.htm
第三卷,https://www.wenku8.net/modules/article/reviewshow.php?rid=295322,魔界归来的劣等能力者,https://www.wenku8.net/book/3026.htm
第四卷,https://www.wenku8.net/modules/article/reviewshow.php?rid=295321,妹妹是不能当女友的，可是……(明明妹妹是不能做女友的),https://www.wenku8.net/book/3224.htm
第二卷,https://www.wenku8.net/modules/article/reviewshow.php?rid=295280,因为是我先喜欢上的,https://www.wenku8.net/book/3129.htm
第九卷,https://www.wenku8.net/modules/article/reviewshow.php?rid=295279,辣妹因为惩罚游戏才向我这个边缘人告白，但显然是真心爱上我了,https://www.wenku8.net/book/3112.htm
第六卷,https://www.wenku8.net/modules/article/reviewshow.php?rid=295240,克罗洛战记,https://www.wenku8.net/book/2836.htm
第三卷,https://www.wenku8.net/modules/article/reviewshow.php?rid=295239,靠魔眼跟子弹闯荡异世界！,https://www.wenku8.net/book/3054.htm
第一卷,https://www.wenku8.net/modules/article/reviewshow.php?rid=295197,主角的青梅竹马，对我这个配角来势汹汹,https://www.wenku8.net/book/3892.htm
第二十四卷,https://www.wenku8.net/modules/article/reviewshow.php?rid=295196,欢迎来到实力至上主义的教室,https://www.wenku8.net/book/1973.htm
第三卷,https://www.wenku8.net/modules/article/reviewshow.php?rid=295144,领怪神犯,https://www.wenku8.net/book/3887.htm
第一卷,https://www.wenku8.net/modules/article/reviewshow.php?rid=295143,关于口的问卷调查,https://www.wenku8.net/book/3891.htm
第一卷,https://www.wenku8.net/modules/article/reviewshow.php?rid=295142,自以为是SSS级的C级魔术学生,https://www.wenku8.net/book/3888.htm
第四卷,https://www.wenku8.net/modules/article/reviewshow.php?rid=295141,水属性的魔法师,https://www.wenku8.net/book/3300.htm
第四卷,https://www.wenku8.net/modules/article/reviewshow.php?rid=295140,转生为睡走情色游戏女主角的男人，但我绝不会干这种事,https://www.wenku8.net/book/3563.htm
第二卷,https://www.wenku8.net/modules/article/reviewshow.php?rid=295139,夏凪渚还是，想当个女高中生。,https://www.wenku8.net/book/3871.htm
第一卷,https://www.wenku8.net/modules/article/reviewshow.php?rid=295138,每晚啾啾吸血后娇羞撒娇的吸血鬼公主,https://www.wenku8.net/book/3890.htm
第七卷,https://www.wenku8.net/modules/article/reviewshow.php?rid=295137,Silent Witch 沉默魔女的秘密(沉默的魔女),https://www.wenku8.net/book/2964.htm
第二卷,https://www.wenku8.net/modules/article/reviewshow.php?rid=295133,世界啊，臣服在我的烈焰之下吧(世界啊臣服于吾之火焰),https://www.wenku8.net/book/3520.htm
第二卷,https://www.wenku8.net/modules/article/reviewshow.php?rid=295131,开始远距教学后，我跟班上第一美少女同居了,https://www.wenku8.net/book/3864.htm
第三卷,https://www.wenku8.net/modules/article/reviewshow.php?rid=295130,花菱夫妻的退魔帖,https://www.wenku8.net/book/3848.htm
第一卷,https://www.wenku8.net/modules/article/reviewshow.php?rid=295129,在樱花盛开的季节遇见你,https://www.wenku8.net/book/3889.htm
第十卷,https://www.wenku8.net/modules/article/reviewshow.php?rid=295089,关于我在无意间被隔壁的天使变成废柴这件事(关于邻家的天使大人不知不觉把我惯成了废人这档子事),https://www.wenku8.net/book/2580.htm
第四卷,https://www.wenku8.net/modules/article/reviewshow.php?rid=295088,连续按下一亿年按钮的我，回神时已变成最强,https://www.wenku8.net/book/2843.htm
第一卷,https://www.wenku8.net/modules/article/reviewshow.php?rid=295060,寂静魔女 索姆斯没人要中队Reboot,https://www.wenku8.net/book/3885.htm
第一卷,https://www.wenku8.net/modules/article/reviewshow.php?rid=295059,被公会开除的杂工以下克上～用超万能的生活技巧成为世界最强～,https://www.wenku8.net/book/3130.htm
第二卷,https://www.wenku8.net/modules/article/reviewshow.php?rid=295058,领怪神犯,https://www.wenku8.net/book/3887.htm
第四卷,https://www.wenku8.net/modules/article/reviewshow.php?rid=295027,放学后委员,https://www.wenku8.net/book/3579.htm
第二卷,https://www.wenku8.net/modules/article/reviewshow.php?rid=295026,儿时玩伴成为人气偶像～甜美的她们负责供养我～,https://www.wenku8.net/book/3736.htm
第一卷,https://www.wenku8.net/modules/article/reviewshow.php?rid=294991,领怪神犯,https://www.wenku8.net/book/3887.htm
前传ZERO 3,https://www.wenku8.net/modules/article/reviewshow.php?rid=294990,转生了的大圣女，拼死隐瞒自己身为圣女,https://www.wenku8.net/book/2767.htm
第一卷,https://www.wenku8.net/modules/article/reviewshow.php?rid=294989,假面骑士电王 天津四劝进帐(假面骑士系列二十),https://www.wenku8.net/book/3886.htm
第一卷,https://www.wenku8.net/modules/article/reviewshow.php?rid=294951,假面骑士铠武外传～假面骑士斩月～(假面骑士系列十九),https://www.wenku8.net/book/3133.htm
第二卷,https://www.wenku8.net/modules/article/reviewshow.php?rid=294950,我心爱之人的妹妹,https://www.wenku8.net/book/3763.htm
第一卷,https://www.wenku8.net/modules/article/reviewshow.php?rid=294914,关于我说出「想要漂亮又有钱的女朋友」后，有个问题女生找上门这件事,https://www.wenku8.net/book/3139.htm
第一卷,https://www.wenku8.net/modules/article/reviewshow.php?rid=294913,假面骑士Ex-Aid~Mighty Novel X~(假面骑士系列十八),https://www.wenku8.net/book/3140.htm
第一卷,https://www.wenku8.net/modules/article/reviewshow.php?rid=294912,那一日，我不再是我,https://www.wenku8.net/book/3142.htm
第九卷,https://www.wenku8.net/modules/article/reviewshow.php?rid=294841,转生了的大圣女，拼死隐瞒自己身为圣女,https://www.wenku8.net/book/2767.htm
第一卷,https://www.wenku8.net/modules/article/reviewshow.php?rid=294799,100天后要死去的恶役千金每天都很快乐,https://www.wenku8.net/book/3144.htm
第一卷,https://www.wenku8.net/modules/article/reviewshow.php?rid=293131,起源之骨物语,https://www.wenku8.net/book/3861.htm
第一卷,https://www.wenku8.net/modules/article/reviewshow.php?rid=294766,与高中时期的傲慢女王大人同居的生活意外还不赖,https://www.wenku8.net/book/3884.htm
第十六卷,https://www.wenku8.net/modules/article/reviewshow.php?rid=294765,告白预演系列,https://www.wenku8.net/book/1893.htm
第一卷,https://www.wenku8.net/modules/article/reviewshow.php?rid=294706,魔法禁书目录SS 必要之恶教会的考验,https://www.wenku8.net/book/3883.htm
第一卷,https://www.wenku8.net/modules/article/reviewshow.php?rid=294705,魔法禁书目录剧场版 通向恩底尼翁之路(恩底弥翁的奇迹),https://www.wenku8.net/book/1744.htm
第七卷,https://www.wenku8.net/modules/article/reviewshow.php?rid=294704,在男性禁入的游戏世界里，我唯一该做的事情(在男子禁止的游戏世界里，我唯一该做的事情),https://www.wenku8.net/book/3498.htm
第五卷,https://www.wenku8.net/modules/article/reviewshow.php?rid=294347,魔石传记 获得魔物力量的我是最强的！,https://www.wenku8.net/book/3589.htm
第六卷,https://www.wenku8.net/modules/article/reviewshow.php?rid=294664,我买下了与她的每周密会～以五千圆为借口，共度两人时光～(一周一次买同学的那些事),https://www.wenku8.net/book/3519.htm
第三卷,https://www.wenku8.net/modules/article/reviewshow.php?rid=294600,狱门抚子在此,https://www.wenku8.net/book/3558.htm
第一卷,https://www.wenku8.net/modules/article/reviewshow.php?rid=294599,我与学生的禁断之吻。一旦曝光就完了。,https://www.wenku8.net/book/3882.htm
第十四卷,https://www.wenku8.net/modules/article/reviewshow.php?rid=294597,七魔剑支配天下(七柄魔剑将其支配),https://www.wenku8.net/book/2527.htm
第一卷,https://www.wenku8.net/modules/article/reviewshow.php?rid=294548,拯救了迷宫实况主而爆红的转生阴阳师，不小心让超级咒物入镜而成为传说,https://www.wenku8.net/book/3881.htm
第一卷,https://www.wenku8.net/modules/article/reviewshow.php?rid=294504,魔王与勇者的战斗背后,https://www.wenku8.net/book/3880.htm
第二卷,https://www.wenku8.net/modules/article/reviewshow.php?rid=294503,不死侦探冷堂红叶,https://www.wenku8.net/book/3758.htm
第二卷,https://www.wenku8.net/modules/article/reviewshow.php?rid=294502,被称为孤高之花的英国美少女，成为我的继妹以后笨拙地依赖我,https://www.wenku8.net/book/3865.htm
第一卷,https://www.wenku8.net/modules/article/reviewshow.php?rid=294451,落樱缤纷,https://www.wenku8.net/book/2134.htm
第一卷,https://www.wenku8.net/modules/article/reviewshow.php?rid=294450,出版禁止(禁止系列),https://www.wenku8.net/book/3879.htm
第一卷,https://www.wenku8.net/modules/article/reviewshow.php?rid=294449,夺命炎上,https://www.wenku8.net/book/3878.htm
第一卷,https://www.wenku8.net/modules/article/reviewshow.php?rid=294448,多出来的第六人,https://www.wenku8.net/book/3877.htm
第一卷,https://www.wenku8.net/modules/article/reviewshow.php?rid=294447,放学后 Dead×Alive,https://www.wenku8.net/book/3876.htm
第二卷,https://www.wenku8.net/modules/article/reviewshow.php?rid=294396,我们真的学不来！,https://www.wenku8.net/book/2852.htm
剧场版小说,https://www.wenku8.net/modules/article/reviewshow.php?rid=294395,转生成女性向游戏只有毁灭END的坏人大小姐(转生恶役只好拔除破灭旗标),https://www.wenku8.net/book/2312.htm
第三卷,https://www.wenku8.net/modules/article/reviewshow.php?rid=294394,咦，一手包办公司系统的我被开除了吗？,https://www.wenku8.net/book/3117.htm
第十四卷 上,https://www.wenku8.net/modules/article/reviewshow.php?rid=294348,魔王学院的不适任者,https://www.wenku8.net/book/2586.htm
第五卷,https://www.wenku8.net/modules/article/reviewshow.php?rid=294345,异世界忠臣藏～复仇的雷迪亚四十七武士～,https://www.wenku8.net/book/3595.htm
第五卷,https://www.wenku8.net/modules/article/reviewshow.php?rid=288835,我买下了与她的每周密会～以五千圆为借口，共度两人时光～(一周一次买同学的那些事),https://www.wenku8.net/book/3519.htm
第八卷,https://www.wenku8.net/modules/article/reviewshow.php?rid=294297,魔法人联社,https://www.wenku8.net/book/3104.htm
第四卷,https://www.wenku8.net/modules/article/reviewshow.php?rid=294296,我的女性朋友意外地有求必应,https://www.wenku8.net/book/3604.htm
第一卷,https://www.wenku8.net/modules/article/reviewshow.php?rid=294259,英雄与贤者的转生婚姻,https://www.wenku8.net/book/3875.htm
第一卷,https://www.wenku8.net/modules/article/reviewshow.php?rid=294230,那天所见的流星，为与你一同死去的祈愿,https://www.wenku8.net/book/3874.htm
第一卷,https://www.wenku8.net/modules/article/reviewshow.php?rid=294201,楠木邸的神明庭院,https://www.wenku8.net/book/3873.htm
第一卷,https://www.wenku8.net/modules/article/reviewshow.php?rid=294200,完美的佐古同学想要变得和我(路人)一样,https://www.wenku8.net/book/3146.htm
第一卷,https://www.wenku8.net/modules/article/reviewshow.php?rid=294199,在高三拿到驾照的我。陷入了和不可爱学妹一起夏日旅行的境地。,https://www.wenku8.net/book/3147.htm
第一卷,https://www.wenku8.net/modules/article/reviewshow.php?rid=294198,Memories Off 双海诗音篇(秋之回忆),https://www.wenku8.net/book/3148.htm
第一卷,https://www.wenku8.net/modules/article/reviewshow.php?rid=294174,养女不如养新娘！,https://www.wenku8.net/book/3149.htm
第一卷,https://www.wenku8.net/modules/article/reviewshow.php?rid=294173,假面骑士Decade 门矢士的世界~透镜中的箱庭~(假面骑士系列十),https://www.wenku8.net/book/3150.htm
第七卷 下,https://www.wenku8.net/modules/article/reviewshow.php?rid=285807,被死神抚养的少女怀抱漆黑之剑,https://www.wenku8.net/book/2467.htm
第三卷,https://www.wenku8.net/modules/article/reviewshow.php?rid=293788,贵族千金只愿意亲近我(贵族千金，只与我亲近),https://www.wenku8.net/book/3657.htm
第一卷,https://www.wenku8.net/modules/article/reviewshow.php?rid=294137,灵媒侦探城冢翡翠(翡翠少女),https://www.wenku8.net/book/3151.htm
第二卷,https://www.wenku8.net/modules/article/reviewshow.php?rid=294101,人妻教师被班里的女高中生迷的神魂颠倒的故事,https://www.wenku8.net/book/3872.htm
第一卷,https://www.wenku8.net/modules/article/reviewshow.php?rid=294077,夏凪渚还是，想当个女高中生。,https://www.wenku8.net/book/3871.htm
短篇集,https://www.wenku8.net/modules/article/reviewshow.php?rid=294076,位于恋爱光谱极端的我们(经验丰富的你和经验为零的我交往的故事),https://www.wenku8.net/book/2994.htm
第八卷,https://www.wenku8.net/modules/article/reviewshow.php?rid=294075,救了遇到痴汉的S级美少女才发现是邻座的青梅竹马,https://www.wenku8.net/book/2911.htm
第二卷,https://www.wenku8.net/modules/article/reviewshow.php?rid=294074,奴隶们对我充满期待与好评，害我无法压榨她们,https://www.wenku8.net/book/3732.htm
第三卷,https://www.wenku8.net/modules/article/reviewshow.php?rid=294073,无属性魔法的救世主,https://www.wenku8.net/book/2354.htm
第一卷,https://www.wenku8.net/modules/article/reviewshow.php?rid=294069,乐园追放2.0 乐园残响 Godspeed You,https://www.wenku8.net/book/3154.htm
第一卷,https://www.wenku8.net/modules/article/reviewshow.php?rid=294068,Memories Off Concerto(秋之回忆2),https://www.wenku8.net/book/3155.htm
第一卷,https://www.wenku8.net/modules/article/reviewshow.php?rid=294067,青色轮廓线 凡人将天才描绘的世界改写的方法！,https://www.wenku8.net/book/3157.htm
第二卷,https://www.wenku8.net/modules/article/reviewshow.php?rid=294066,白日梦的构想图,https://www.wenku8.net/book/3158.htm
第一卷,https://www.wenku8.net/modules/article/reviewshow.php?rid=294065,假面骑士kabuto(假面骑士系列七),https://www.wenku8.net/book/3161.htm
第一卷,https://www.wenku8.net/modules/article/reviewshow.php?rid=294064,你，还记得我吗？,https://www.wenku8.net/book/3162.htm
第一卷,https://www.wenku8.net/modules/article/reviewshow.php?rid=294063,你名字的侧面,https://www.wenku8.net/book/3163.htm
第一卷,https://www.wenku8.net/modules/article/reviewshow.php?rid=294062,反苏格拉底(逆苏格拉底),https://www.wenku8.net/book/3165.htm
第一卷,https://www.wenku8.net/modules/article/reviewshow.php?rid=294061,那一天，朱音投身青空,https://www.wenku8.net/book/3169.htm
第一卷,https://www.wenku8.net/modules/article/reviewshow.php?rid=294059,盖亚奥特曼＆迪迦奥特曼＆戴拿奥特曼 超时空大冒险,https://www.wenku8.net/book/3170.htm
第一卷,https://www.wenku8.net/modules/article/reviewshow.php?rid=294058,我们真的想做的事情,https://www.wenku8.net/book/3171.htm
第二卷,https://www.wenku8.net/modules/article/reviewshow.php?rid=294057,失恋后，原本冷淡的青梅竹马变得温柔娇甜(失恋后，原本冷淡的青梅竹马变得像砂糖点心一样温柔甜美),https://www.wenku8.net/book/3173.htm
第一卷,https://www.wenku8.net/modules/article/reviewshow.php?rid=294056,没有明天的我们，在昨天相恋,https://www.wenku8.net/book/3174.htm
第二卷,https://www.wenku8.net/modules/article/reviewshow.php?rid=294054,七咏唱御宅魔术王,https://www.wenku8.net/book/3177.htm
第三卷,https://www.wenku8.net/modules/article/reviewshow.php?rid=294053,蔷薇十字丛书,https://www.wenku8.net/book/3178.htm
第一卷,https://www.wenku8.net/modules/article/reviewshow.php?rid=294052,平滑世界及其敌人,https://www.wenku8.net/book/3179.htm
第一卷,https://www.wenku8.net/modules/article/reviewshow.php?rid=294051,美少女宇宙人＆神奇道具H展开！？,https://www.wenku8.net/book/3180.htm
第一卷,https://www.wenku8.net/modules/article/reviewshow.php?rid=294050,本命，燃烧(我推，火然),https://www.wenku8.net/book/3181.htm
第二卷,https://www.wenku8.net/modules/article/reviewshow.php?rid=294049,侦探少年与敏锐的山田同学,https://www.wenku8.net/book/3182.htm
第一卷,https://www.wenku8.net/modules/article/reviewshow.php?rid=294048,与你相遇在无眠的梦中,https://www.wenku8.net/book/3184.htm
第一卷,https://www.wenku8.net/modules/article/reviewshow.php?rid=294047,狼的孩子雨和雪,https://www.wenku8.net/book/3187.htm
第二卷,https://www.wenku8.net/modules/article/reviewshow.php?rid=294046,不干了！我开除了黑心公司,https://www.wenku8.net/book/3188.htm
第一卷,https://www.wenku8.net/modules/article/reviewshow.php?rid=293946,凌晨3点33分，魔法道具店北极星营业中,https://www.wenku8.net/book/3870.htm
第七卷,https://www.wenku8.net/modules/article/reviewshow.php?rid=293906,虽然是公会的柜台小姐，但因为不想加班所以打算独自讨伐迷宫头目,https://www.wenku8.net/book/3226.htm
第一卷,https://www.wenku8.net/modules/article/reviewshow.php?rid=293905,有害人物(Shamer)(再见宣言系列二),https://www.wenku8.net/book/3189.htm
第一卷,https://www.wenku8.net/modules/article/reviewshow.php?rid=293904,约定的梦幻岛～来自诺曼的信～,https://www.wenku8.net/book/3190.htm
第二卷,https://www.wenku8.net/modules/article/reviewshow.php?rid=293903,黑妖犬 罪犯侧写师·犬饲秀树,https://www.wenku8.net/book/3191.htm
第二卷,https://www.wenku8.net/modules/article/reviewshow.php?rid=293902,动漫专门店,https://www.wenku8.net/book/3192.htm
第一卷,https://www.wenku8.net/modules/article/reviewshow.php?rid=293901,祭火小夜的后悔,https://www.wenku8.net/book/3193.htm
第二卷,https://www.wenku8.net/modules/article/reviewshow.php?rid=293900,夜见师,https://www.wenku8.net/book/3194.htm
第一卷,https://www.wenku8.net/modules/article/reviewshow.php?rid=293899,阿宅的恋爱太难,https://www.wenku8.net/book/3195.htm
第二卷,https://www.wenku8.net/modules/article/reviewshow.php?rid=293898,火影忍者 鼬真传,https://www.wenku8.net/book/3196.htm
第八卷,https://www.wenku8.net/modules/article/reviewshow.php?rid=293864,转生了的大圣女，拼死隐瞒自己身为圣女,https://www.wenku8.net/book/2767.htm
第十三卷,https://www.wenku8.net/modules/article/reviewshow.php?rid=293863,因为不是真正的伙伴而被逐出勇者队伍，流落到边境展开慢活人生,https://www.wenku8.net/book/2449.htm
第五卷,https://www.wenku8.net/modules/article/reviewshow.php?rid=293862,公主骑士的小白脸(姬骑士大人的情夫),https://www.wenku8.net/book/3230.htm
第十一卷,https://www.wenku8.net/modules/article/reviewshow.php?rid=293861,间谍教室,https://www.wenku8.net/book/2816.htm
第二卷,https://www.wenku8.net/modules/article/reviewshow.php?rid=293825,善于观察的我不放过毒舌冷娇美少女任何娇羞之处，向她步步逼近,https://www.wenku8.net/book/3650.htm
第一卷,https://www.wenku8.net/modules/article/reviewshow.php?rid=293824,龙盘七朝 DRAGONBUSTER,https://www.wenku8.net/book/3869.htm
第一卷,https://www.wenku8.net/modules/article/reviewshow.php?rid=293785,杀了妻子也不会暴露的概率,https://www.wenku8.net/book/3868.htm
第九卷,https://www.wenku8.net/modules/article/reviewshow.php?rid=293786,不时轻声地以俄语遮羞的邻座艾莉同学(邻座的艾琳同学偶尔会用俄语悄悄撒娇),https://www.wenku8.net/book/2930.htm
第二卷,https://www.wenku8.net/modules/article/reviewshow.php?rid=293787,花菱夫妻的退魔帖,https://www.wenku8.net/book/3848.htm
第一卷,https://www.wenku8.net/modules/article/reviewshow.php?rid=293784,恶逆大战,https://www.wenku8.net/book/3199.htm
第一卷,https://www.wenku8.net/modules/article/reviewshow.php?rid=293783,怪物的孩子,https://www.wenku8.net/book/3200.htm
第一卷,https://www.wenku8.net/modules/article/reviewshow.php?rid=293782,她喜欢的是BL，不是同志的我,https://www.wenku8.net/book/3201.htm
第一卷,https://www.wenku8.net/modules/article/reviewshow.php?rid=293689,魔法禁书目录外传 王牌御坂美琴 对 女王食蜂操祈!!,https://www.wenku8.net/book/3867.htm
第一卷,https://www.wenku8.net/modules/article/reviewshow.php?rid=293688,可塑性记忆 Heartfelt Thanks,https://www.wenku8.net/book/3203.htm
第二卷,https://www.wenku8.net/modules/article/reviewshow.php?rid=293687,保健室的成熟前辈，在我面前却会很快娇羞起来,https://www.wenku8.net/book/3204.htm
第一卷,https://www.wenku8.net/modules/article/reviewshow.php?rid=293686,深夜的超自然公务员,https://www.wenku8.net/book/3206.htm
第二卷,https://www.wenku8.net/modules/article/reviewshow.php?rid=293563,关于四个持有负面技能的人聚在一起，不知怎的发挥出相乘效果组成了最强队伍这档事,https://www.wenku8.net/book/3207.htm
第三卷,https://www.wenku8.net/modules/article/reviewshow.php?rid=293528,旋风管家,https://www.wenku8.net/book/476.htm
第二卷,https://www.wenku8.net/modules/article/reviewshow.php?rid=293527,宫泽君的恋爱愚蠢至极,https://www.wenku8.net/book/3750.htm
第一卷,https://www.wenku8.net/modules/article/reviewshow.php?rid=293482,与她女友的不纯初恋,https://www.wenku8.net/book/3866.htm
第一卷,https://www.wenku8.net/modules/article/reviewshow.php?rid=293481,戴拿奥特曼·朝向未来的零之驱动,https://www.wenku8.net/book/3208.htm
第二卷,https://www.wenku8.net/modules/article/reviewshow.php?rid=293346,因为貌似会被解除婚约抛弃，就开始当上军人千金,https://www.wenku8.net/book/3578.htm
第四卷,https://www.wenku8.net/modules/article/reviewshow.php?rid=293345,成人游戏转生 对抗命运的金猪贵族奋斗记,https://www.wenku8.net/book/3231.htm
第一卷,https://www.wenku8.net/modules/article/reviewshow.php?rid=293344,完美主义菁英的强势求爱,https://www.wenku8.net/book/3209.htm
第一卷,https://www.wenku8.net/modules/article/reviewshow.php?rid=293312,被称为孤高之花的英国美少女，成为我的继妹以后笨拙地依赖我,https://www.wenku8.net/book/3865.htm
第一卷,https://www.wenku8.net/modules/article/reviewshow.php?rid=293311,开始远距教学后，我跟班上第一美少女同居了,https://www.wenku8.net/book/3864.htm
第八卷,https://www.wenku8.net/modules/article/reviewshow.php?rid=293230,我的幸福婚约,https://www.wenku8.net/book/2922.htm
第七卷,https://www.wenku8.net/modules/article/reviewshow.php?rid=293277,王者的求婚(国王的求婚),https://www.wenku8.net/book/3067.htm
第二卷,https://www.wenku8.net/modules/article/reviewshow.php?rid=293276,所谓爱恋，无聊至极,https://www.wenku8.net/book/3798.htm
第 2.5 卷,https://www.wenku8.net/modules/article/reviewshow.php?rid=293275,我们在「解读」上犯了错误(我们的『阅读理解』出错了),https://www.wenku8.net/book/3587.htm
第一卷,https://www.wenku8.net/modules/article/reviewshow.php?rid=293229,魔女之旅 学园物语,https://www.wenku8.net/book/3863.htm
第一卷,https://www.wenku8.net/modules/article/reviewshow.php?rid=293228,少女所不期望的英雄史诗,https://www.wenku8.net/book/3862.htm
第二卷,https://www.wenku8.net/modules/article/reviewshow.php?rid=293227,初始攻击力为零的剑圣谭,https://www.wenku8.net/book/3620.htm
第一卷,https://www.wenku8.net/modules/article/reviewshow.php?rid=293105,光逝去的夏天,https://www.wenku8.net/book/3860.htm
第十六卷,https://www.wenku8.net/modules/article/reviewshow.php?rid=293068,持续狩猎史莱姆三百年，不知不觉就练到LV MAX,https://www.wenku8.net/book/2441.htm
第四卷,https://www.wenku8.net/modules/article/reviewshow.php?rid=293071,一直被当成无能的魔导师其实是世界最强，却因遭到幽禁而毫无自觉,https://www.wenku8.net/book/3491.htm
第一卷,https://www.wenku8.net/modules/article/reviewshow.php?rid=293070,穿越武士～武士在异世界依旧不改本色～,https://www.wenku8.net/book/3859.htm
第三卷,https://www.wenku8.net/modules/article/reviewshow.php?rid=293067,反派千金与反派少爷若是在相遇后坠入情网,https://www.wenku8.net/book/3718.htm
第三卷,https://www.wenku8.net/modules/article/reviewshow.php?rid=293066,魔王2099,https://www.wenku8.net/book/3808.htm
第五卷,https://www.wenku8.net/modules/article/reviewshow.php?rid=293065,记忆缝线YOUR FORMA(Your Forma 电索官慧周与机械搭档),https://www.wenku8.net/book/2950.htm
第二十二卷,https://www.wenku8.net/modules/article/reviewshow.php?rid=293064,魔女之旅,https://www.wenku8.net/book/2255.htm
第五卷,https://www.wenku8.net/modules/article/reviewshow.php?rid=293063,魔导具师妲莉亚永不妥协～从今天开始的自由职人生活～,https://www.wenku8.net/book/2853.htm
第二卷,https://www.wenku8.net/modules/article/reviewshow.php?rid=293062,我被踢出勇者队伍而回到老家，但队员们竟然全都跟了过来,https://www.wenku8.net/book/3662.htm
第六卷,https://www.wenku8.net/modules/article/reviewshow.php?rid=293061,神明渴求着游戏 挑战众神之少年的终极斗智竞技(渴求游戏之神 少年挑战众神的究极头脑战),https://www.wenku8.net/book/2879.htm
第十二卷,https://www.wenku8.net/modules/article/reviewshow.php?rid=293060,非自愿的不死冒险者,https://www.wenku8.net/book/2450.htm
第一卷,https://www.wenku8.net/modules/article/reviewshow.php?rid=293059,恶食姬,https://www.wenku8.net/book/3858.htm
第二卷,https://www.wenku8.net/modules/article/reviewshow.php?rid=292960,如果明天，这个世界就会终结,https://www.wenku8.net/book/3411.htm
第三卷,https://www.wenku8.net/modules/article/reviewshow.php?rid=292912,【悲报】大小姐系垫底迷宫实况主没发现自己忘记关台就海扁同行,https://www.wenku8.net/book/3627.htm
第二卷,https://www.wenku8.net/modules/article/reviewshow.php?rid=292914,我和隔壁班美少女共度甜蜜校园生活，但事到如今实在无法承认当初搞错了告白对象,https://www.wenku8.net/book/3701.htm
第一卷,https://www.wenku8.net/modules/article/reviewshow.php?rid=292911,龙胆少女 在我心中永远闪耀,https://www.wenku8.net/book/3857.htm
第一卷,https://www.wenku8.net/modules/article/reviewshow.php?rid=292910,能够率直说出喜欢的女生无双,https://www.wenku8.net/book/3856.htm
第五卷,https://www.wenku8.net/modules/article/reviewshow.php?rid=292908,D crackers,https://www.wenku8.net/book/3612.htm
第一卷,https://www.wenku8.net/modules/article/reviewshow.php?rid=292907,在异世界买土地开辟农场！,https://www.wenku8.net/book/3855.htm
第一卷,https://www.wenku8.net/modules/article/reviewshow.php?rid=292906,鹿乃江同学的左手,https://www.wenku8.net/book/3854.htm
第一卷,https://www.wenku8.net/modules/article/reviewshow.php?rid=292864,我的青梅竹马发育得超超超超超级大,https://www.wenku8.net/book/3853.htm
第二卷,https://www.wenku8.net/modules/article/reviewshow.php?rid=292863,帅气美少女抢走了我的女朋友，还莫名其妙地盯上了我。,https://www.wenku8.net/book/3756.htm
第十五卷,https://www.wenku8.net/modules/article/reviewshow.php?rid=292862,在异世界获得超强能力的我，在现实世界照样无敌～等级提升改变人生命运～,https://www.wenku8.net/book/2931.htm
第三卷,https://www.wenku8.net/modules/article/reviewshow.php?rid=292861,大色狼催眠术师之子,https://www.wenku8.net/book/3815.htm
第八卷,https://www.wenku8.net/modules/article/reviewshow.php?rid=292723,放课后的百物语,https://www.wenku8.net/book/934.htm
第二卷,https://www.wenku8.net/modules/article/reviewshow.php?rid=292706,对我失去兴趣的前女友和身为青梅竹马的现女友，不知为何正在上演修罗场。,https://www.wenku8.net/book/3446.htm
第二卷,https://www.wenku8.net/modules/article/reviewshow.php?rid=292705,「你不敢吻我对吧？」自大的青梅竹马挑衅我，结果她比我想像中更容易害羞,https://www.wenku8.net/book/3747.htm
第一卷,https://www.wenku8.net/modules/article/reviewshow.php?rid=292704,谎言蜜唇遇爱瓦解,https://www.wenku8.net/book/3851.htm
第五卷,https://www.wenku8.net/modules/article/reviewshow.php?rid=292702,差点在迷宫深处被信任的伙伴杀掉，但靠着天赐技能「无限扭蛋」获得等级9999的伙伴，我要向前队友和世界展开复仇＆「给他们好看！」,https://www.wenku8.net/book/3334.htm
第八卷,https://www.wenku8.net/modules/article/reviewshow.php?rid=292701,辣妹因为惩罚游戏才向我这个边缘人告白，但显然是真心爱上我了,https://www.wenku8.net/book/3112.htm
第一卷,https://www.wenku8.net/modules/article/reviewshow.php?rid=292700,直至魔女消逝,https://www.wenku8.net/book/3852.htm
外传 3,https://www.wenku8.net/modules/article/reviewshow.php?rid=292699,我是星际国家的恶德领主！,https://www.wenku8.net/book/2956.htm
第三卷,https://www.wenku8.net/modules/article/reviewshow.php?rid=292637,营缮师异谭,https://www.wenku8.net/book/3850.htm
第一卷,https://www.wenku8.net/modules/article/reviewshow.php?rid=292613,镜之国,https://www.wenku8.net/book/3849.htm
第一卷,https://www.wenku8.net/modules/article/reviewshow.php?rid=292612,花菱夫妻的退魔帖,https://www.wenku8.net/book/3848.htm
第一卷,https://www.wenku8.net/modules/article/reviewshow.php?rid=292611,京都红庄奇谭,https://www.wenku8.net/book/3847.htm
SS2,https://www.wenku8.net/modules/article/reviewshow.php?rid=292610,安达与岛村,https://www.wenku8.net/book/1683.htm
第一卷,https://www.wenku8.net/modules/article/reviewshow.php?rid=281622,恶魔想要玩具,https://www.wenku8.net/book/3655.htm
第一卷,https://www.wenku8.net/modules/article/reviewshow.php?rid=286616,拼死回避全灭结局。队伍的精神出了问题。,https://www.wenku8.net/book/3743.htm
第三卷,https://www.wenku8.net/modules/article/reviewshow.php?rid=292517,淡海乃海 水面动荡之时～被三英杰讨厌的不幸之男 朽木基纲的逆袭～,https://www.wenku8.net/book/3721.htm
第十二卷,https://www.wenku8.net/modules/article/reviewshow.php?rid=292484,侦探已经，死了(侦探已经死了),https://www.wenku8.net/book/2700.htm
第一卷,https://www.wenku8.net/modules/article/reviewshow.php?rid=292447,火影忍者 超骨气忍传,https://www.wenku8.net/book/3212.htm
第一卷,https://www.wenku8.net/modules/article/reviewshow.php?rid=292446,活了100万次的你,https://www.wenku8.net/book/3214.htm
第一卷,https://www.wenku8.net/modules/article/reviewshow.php?rid=292445,空挺Dragons,https://www.wenku8.net/book/3215.htm
第二卷,https://www.wenku8.net/modules/article/reviewshow.php?rid=292444,可以雇用我一辈子吗？～与不苟言笑的魔法师共同展开的二次就业生活～,https://www.wenku8.net/book/3640.htm
第五卷,https://www.wenku8.net/modules/article/reviewshow.php?rid=292443,内衣女孩任你摆布,https://www.wenku8.net/book/3489.htm
第三卷,https://www.wenku8.net/modules/article/reviewshow.php?rid=282274,暴食狂战士 唯有我突破了所谓「等级」的概念,https://www.wenku8.net/book/2961.htm
第五卷,https://www.wenku8.net/modules/article/reviewshow.php?rid=291708,天久鹰央的事件病历表(天久鹰央的事件病历簿),https://www.wenku8.net/book/2525.htm
第二卷,https://www.wenku8.net/modules/article/reviewshow.php?rid=292414,剑与魔法与学历社会～前世是书呆子的我，今生要随心所欲自由自在地活～,https://www.wenku8.net/book/3706.htm
第五卷,https://www.wenku8.net/modules/article/reviewshow.php?rid=292413,最强废渣皇子暗中活跃于帝位之争(最强出涸皇子的暗跃帝位争夺),https://www.wenku8.net/book/2626.htm
第八卷,https://www.wenku8.net/modules/article/reviewshow.php?rid=292412,转生公主与天才千金的魔法革命(转生王女与天才千金的魔法革命),https://www.wenku8.net/book/2756.htm
第二卷,https://www.wenku8.net/modules/article/reviewshow.php?rid=292411,魔王2099,https://www.wenku8.net/book/3808.htm
第二卷,https://www.wenku8.net/modules/article/reviewshow.php?rid=292337,和前妻重返同学时代,https://www.wenku8.net/book/3390.htm
第一卷,https://www.wenku8.net/modules/article/reviewshow.php?rid=292278,刀剑神域外传 迷宫馆的杀人,https://www.wenku8.net/book/3846.htm
第一卷,https://www.wenku8.net/modules/article/reviewshow.php?rid=292277,邻国来的新娘太可爱了该怎么办？,https://www.wenku8.net/book/3845.htm
第九卷,https://www.wenku8.net/modules/article/reviewshow.php?rid=292276,里世界远足(里世界郊游),https://www.wenku8.net/book/2468.htm
第一卷,https://www.wenku8.net/modules/article/reviewshow.php?rid=292248,瞬间治愈却被当成废物踢出队伍的天才治疗师，改当无照治疗师快乐过活,https://www.wenku8.net/book/3844.htm
第一卷,https://www.wenku8.net/modules/article/reviewshow.php?rid=292247,火影忍者佐助真传,https://www.wenku8.net/book/3216.htm
第一卷,https://www.wenku8.net/modules/article/reviewshow.php?rid=292246,幻夜,https://www.wenku8.net/book/3217.htm
第一卷,https://www.wenku8.net/modules/article/reviewshow.php?rid=292245,偏爱管家的恶魔报告,https://www.wenku8.net/book/3218.htm
第二卷,https://www.wenku8.net/modules/article/reviewshow.php?rid=292244,父母再婚。女友开始喊我欧尼酱了,https://www.wenku8.net/book/3220.htm
第一卷,https://www.wenku8.net/modules/article/reviewshow.php?rid=292243,我的弟子最强最可爱,https://www.wenku8.net/book/3236.htm
第一卷,https://www.wenku8.net/modules/article/reviewshow.php?rid=292242,假面骑士wizard(假面骑士系列十四),https://www.wenku8.net/book/3239.htm
第一卷,https://www.wenku8.net/modules/article/reviewshow.php?rid=292241,Memories Off 2nd～Dear Friend～(秋之回忆2),https://www.wenku8.net/book/3245.htm
第一卷,https://www.wenku8.net/modules/article/reviewshow.php?rid=292240,暗夜的怪物(夜晚的怪物),https://www.wenku8.net/book/3248.htm
第一卷,https://www.wenku8.net/modules/article/reviewshow.php?rid=292239,弗莉达的世界 天上没有的群星,https://www.wenku8.net/book/3249.htm
第十二卷,https://www.wenku8.net/modules/article/reviewshow.php?rid=291709,义妹生活,https://www.wenku8.net/book/2883.htm
第一卷,https://www.wenku8.net/modules/article/reviewshow.php?rid=290867,我是知名VTuber的哥哥，却不知为何声名大噪,https://www.wenku8.net/book/3820.htm
第四卷,https://www.wenku8.net/modules/article/reviewshow.php?rid=286701,明日，裸足前来。,https://www.wenku8.net/book/3524.htm
第十三卷,https://www.wenku8.net/modules/article/reviewshow.php?rid=292171,孤单一人的异世界攻略,https://www.wenku8.net/book/2731.htm
第八卷,https://www.wenku8.net/modules/article/reviewshow.php?rid=292169,咖啡馆推理事件簿,https://www.wenku8.net/book/1473.htm
第五卷,https://www.wenku8.net/modules/article/reviewshow.php?rid=292168,「援交侦探」上木荔枝系列,https://www.wenku8.net/book/3257.htm
第一卷,https://www.wenku8.net/modules/article/reviewshow.php?rid=292165,杀人犯对杀人鬼,https://www.wenku8.net/book/3255.htm
第二卷,https://www.wenku8.net/modules/article/reviewshow.php?rid=292164,Undead Girl·Murder Farce(不死少女系列),https://www.wenku8.net/book/3252.htm
第一卷,https://www.wenku8.net/modules/article/reviewshow.php?rid=292163,最后也是最初的偶像,https://www.wenku8.net/book/3251.htm
第二卷,https://www.wenku8.net/modules/article/reviewshow.php?rid=292115,无法成为主角的我们始于妥协的恋人生活,https://www.wenku8.net/book/3265.htm
第一卷,https://www.wenku8.net/modules/article/reviewshow.php?rid=292114,我们偷走星座的理由,https://www.wenku8.net/book/3266.htm
第一卷,https://www.wenku8.net/modules/article/reviewshow.php?rid=292113,尸恋,https://www.wenku8.net/book/3267.htm
第一卷,https://www.wenku8.net/modules/article/reviewshow.php?rid=292112,所有偶像皆不老的世界,https://www.wenku8.net/book/3269.htm
第一卷,https://www.wenku8.net/modules/article/reviewshow.php?rid=292111,恶德侦探制裁社,https://www.wenku8.net/book/3270.htm
第三卷,https://www.wenku8.net/modules/article/reviewshow.php?rid=292109,班上的辣妹不知为何与我的义妹关系变得要好起来了。,https://www.wenku8.net/book/3272.htm
第一卷,https://www.wenku8.net/modules/article/reviewshow.php?rid=292108,孩子们的愤怒愤怒愤怒,https://www.wenku8.net/book/3273.htm
第一卷,https://www.wenku8.net/modules/article/reviewshow.php?rid=292107,推偶像三原则,https://www.wenku8.net/book/3275.htm
第一卷,https://www.wenku8.net/modules/article/reviewshow.php?rid=292106,假面骑士Kiva(假面骑士系列九),https://www.wenku8.net/book/3276.htm
第一卷,https://www.wenku8.net/modules/article/reviewshow.php?rid=292105,下雨天，不上学,https://www.wenku8.net/book/3278.htm
第一卷,https://www.wenku8.net/modules/article/reviewshow.php?rid=292104,富豪刑事,https://www.wenku8.net/book/3279.htm
第一卷,https://www.wenku8.net/modules/article/reviewshow.php?rid=292103,从前从前，某个地方有具尸体……,https://www.wenku8.net/book/3281.htm
第一卷,https://www.wenku8.net/modules/article/reviewshow.php?rid=292102,化石少女,https://www.wenku8.net/book/3283.htm
第一卷,https://www.wenku8.net/modules/article/reviewshow.php?rid=292101,某暗部的少女共栖,https://www.wenku8.net/book/3843.htm
第一卷,https://www.wenku8.net/modules/article/reviewshow.php?rid=292100,三崎黑鸟馆白鸟馆连续密室杀人,https://www.wenku8.net/book/3842.htm
第三卷,https://www.wenku8.net/modules/article/reviewshow.php?rid=292099,毒之王 觉醒最强力量的我征服美女们，成为发情后宫之主,https://www.wenku8.net/book/3606.htm
第一卷,https://www.wenku8.net/modules/article/reviewshow.php?rid=292098,佐佐良镇的沙耶,https://www.wenku8.net/book/3291.htm
第一卷,https://www.wenku8.net/modules/article/reviewshow.php?rid=292097,魔女狩猎游戏,https://www.wenku8.net/book/3284.htm
第一卷,https://www.wenku8.net/modules/article/reviewshow.php?rid=292096,热带,https://www.wenku8.net/book/3285.htm
第一卷,https://www.wenku8.net/modules/article/reviewshow.php?rid=292095,神的游戏,https://www.wenku8.net/book/3286.htm
第一卷,https://www.wenku8.net/modules/article/reviewshow.php?rid=292094,GHOST≠NOISE,https://www.wenku8.net/book/3288.htm
第五卷,https://www.wenku8.net/modules/article/reviewshow.php?rid=292093,春樱亭圆紫和我系列,https://www.wenku8.net/book/3289.htm
